{
  "item_count": 200,
  "overall_score": 0.6650086170104182,
  "average_info_gain": 0.5850086170104183,
  "win_rate": 0.08,
  "format_adherence_rate": 0.995
}