{
  "overall_benchmark_score": 1.0454631647325263,
  "raw_score_before_penalty": 1.0454631647325263,
  "win_rate": 0.7307692307692307,
  "avg_violations_per_game": 0.17307692307692307,
  "api_error_rate": 0.0,
  "penalty_applied": false
}