{
  "overall_benchmark_score": 1.0135860578237357,
  "raw_score_before_penalty": 1.0135860578237357,
  "win_rate": 0.6346153846153846,
  "avg_violations_per_game": 0.07692307692307693,
  "api_error_rate": 0.0,
  "penalty_applied": false
}