{
  "overall_benchmark_score": 0.7963904083093518,
  "raw_score_before_penalty": 0.7963904083093518,
  "win_rate": 0.5714285714285714,
  "avg_violations_per_game": 0.38095238095238093,
  "api_error_rate": 0.19230769230769232,
  "penalty_applied": false
}