{
  "overall_benchmark_score": 1.0098527570470677,
  "raw_score_before_penalty": 1.0098527570470677,
  "win_rate": 0.6595744680851063,
  "avg_violations_per_game": 0.14893617021276595,
  "api_error_rate": 0.09615384615384616,
  "penalty_applied": false
}