{
  "overall_benchmark_score": 1.0919422742841198,
  "raw_score_before_penalty": 1.0919422742841198,
  "win_rate": 0.6923076923076923,
  "avg_violations_per_game": 0.0,
  "api_error_rate": 0.0,
  "penalty_applied": false
}