{
  "overall_benchmark_score": 0.04457490571094242,
  "raw_score_before_penalty": 0.04457490571094242,
  "win_rate": 0.15384615384615385,
  "avg_violations_per_game": 1.4807692307692308,
  "api_error_rate": 0.0,
  "penalty_applied": false
}