{
  "overall_benchmark_score": 0.21845376956768986,
  "raw_score_before_penalty": 0.21845376956768986,
  "win_rate": 0.2692307692307692,
  "avg_violations_per_game": 1.7307692307692308,
  "api_error_rate": 0.0,
  "penalty_applied": false
}