{
  "overall_benchmark_score": 0.42572083009607087,
  "raw_score_before_penalty": 0.42572083009607087,
  "win_rate": 0.34,
  "avg_violations_per_game": 0.54,
  "api_error_rate": 0.038461538461538464,
  "penalty_applied": false
}