{
  "item_count": 200,
  "overall_score": 0.5461174092521417,
  "average_info_gain": 0.48611740925214164,
  "win_rate": 0.06,
  "format_adherence_rate": 0.99
}