{
  "item_count": 200,
  "overall_score": 0.6555865425268759,
  "average_info_gain": 0.5755865425268759,
  "win_rate": 0.08,
  "format_adherence_rate": 1.0
}