{
  "item_count": 200,
  "overall_score": 0.28357840170903137,
  "average_info_gain": 0.22857840170903138,
  "win_rate": 0.055,
  "format_adherence_rate": 0.935
}