{
  "item_count": 200,
  "overall_score": 0.517461687503926,
  "average_info_gain": 0.487461687503926,
  "win_rate": 0.03,
  "format_adherence_rate": 0.96
}