{
  "item_count": 200,
  "overall_score": 0.6178779397406238,
  "average_info_gain": 0.5528779397406238,
  "win_rate": 0.065,
  "format_adherence_rate": 0.99
}