{
  "item_count": 200,
  "overall_score": 0.6435080389416064,
  "average_info_gain": 0.5735080389416063,
  "win_rate": 0.07,
  "format_adherence_rate": 0.995
}