{
  "item_count": 200,
  "overall_score": 0.6347407683754347,
  "average_info_gain": 0.5647407683754346,
  "win_rate": 0.07,
  "format_adherence_rate": 0.98
}