{
  "item_count": 200,
  "overall_score": 0.5902364654464408,
  "average_info_gain": 0.5452364654464408,
  "win_rate": 0.045,
  "format_adherence_rate": 0.965
}