{
  "item_count": 200,
  "overall_score": 0.5372243994761418,
  "average_info_gain": 0.48722439947614177,
  "win_rate": 0.05,
  "format_adherence_rate": 0.935
}