{
  "item_count": 200,
  "overall_score": 0.6494402710300904,
  "average_info_gain": 0.5744402710300903,
  "win_rate": 0.075,
  "format_adherence_rate": 0.995
}