{
  "item_count": 200,
  "overall_score": 0.6120277057788934,
  "average_info_gain": 0.5420277057788934,
  "win_rate": 0.07,
  "format_adherence_rate": 0.955
}