{
  "item_count": 200,
  "overall_score": 0.5176104437224545,
  "average_info_gain": 0.4376104437224545,
  "win_rate": 0.08,
  "format_adherence_rate": 0.915
}