{
  "overall_benchmark_score": 0.7494792807775933,
  "win_rate": 0.6756756756756757,
  "avg_violations_per_game": 2.4324324324324325,
  "api_error_rate": 0.075
}