{
  "overall_benchmark_score": 0.921710362905608,
  "win_rate": 0.7894736842105263,
  "avg_violations_per_game": 2.1578947368421053,
  "api_error_rate": 0.05
}