{
  "overall_benchmark_score": 0.7810495805832598,
  "win_rate": 0.7307692307692307,
  "avg_violations_per_game": 1.6153846153846154,
  "api_error_rate": 0.35
}