{
  "overall_benchmark_score": 0.9419354874498211,
  "win_rate": 0.7948717948717948,
  "avg_violations_per_game": 2.230769230769231,
  "api_error_rate": 0.025
}