{
  "overall_benchmark_score": 0.7426775728783724,
  "win_rate": 0.5641025641025641,
  "avg_violations_per_game": 0.48717948717948717,
  "api_error_rate": 0.025
}